Registration,Scheme
N184JB,
N192JB,
N197JB,TARTAN
N198JB,TARTAN
N2002J,BALLOONS
N2016J,BALLOONS
N2017J,BALLOONS
N2027J,BALLOONS
N2029J,BALLOONS
N2038J,BALLOONS
N2039J,BALLOONS
N203JB,TARTAN
N2043J,BALLOONS
N2044J,BALLOONS
N2047J,BALLOONS
N2048J,BALLOONS
N2059J,BALLOONS
N206JB,BALLOONS
N2084J,TARTAN
N2086J,BALLOONS
N2102J,BALLOONS
N2105J,STREAMERS
N2142J,STREAMERS
N2151J,STREAMERS
N2156J,STREAMERS
N2157J,STREAMERS
N2165J,STREAMERS
N2169J,STREAMERS
N216JB,TARTAN
N2180J,
N228JB,TARTAN
N229JB,TARTAN
N231JB,STRIPE
N236JB,TARTAN
N238JB,STRIPE
N239JB,BLUEBERRIES
N247JB,TARTAN
N249JB,STRIPE
N258JB,TARTAN
N265JB,TARTAN
N266JB,TARTAN
N267JB,BLUEBERRIES
N273JB,TARTAN
N274JB,TARTAN
N279JB,TARTAN
N281JB,TARTAN
N283JB,TARTAN
N284JB,TARTAN
N3023J,HOPS
N3044J,HOPS
N304JB,N304JB
N3058J,HOPS
N3062J,HOPS
N3065J,HOPS
N306JB,TARTAN
N3077J,HOPS
N307JB,TARTAN
N3085J,HOPS
N3102J,HOPS
N3104J,HOPS
N3112J,HOPS
N3113J,HOPS
N3115J,HOPS
N3118J,HOPS
N3121J,HOPS
N3123J,HOPS
N3125J,HOPS
N3132J,HOPS
N3138J,HOPS
N3139J,HOPS
N3142J,HOPS
N3145J,HOPS
N3149J,HOPS
N3152J,HOPS
N3156J,HOPS
N3157J,HOPS
N317JB,TARTAN
N318JB,TARTAN
N323JB,HOPS
N324JB,TARTAN
N328JB,TARTAN
N329JB,HIGHRISE
N334JB,STRIPE
N337JB,STRIPE
N339JB,STRIPE
N348JB,STRIPE
N354JB,STRIPE
N355JB,HIGHRISE
N358JB,STRIPE
N368JB,STRIPE
N375JB,STRIPE
N4022J,STREAMERS
N4048J,STREAMERS
N4058J,STREAMERS
N4062J,STREAMERS
N4064J,STREAMERS
N4073J,STREAMERS
N4074J,STREAMERS
N4076J,STREAMERS
N4077J,STREAMERS
N4080J,
N4083J,
N4085J,
N504JB,BLUEBERRIES
N505JB,TARTAN
N506JB,BLUEBERRIES
N507JT,HIGHRISE
N508JL,TARTAN
N510JB,HIGHRISE
N516JB,TARTAN
N517JB,TARTAN
N519JB,TARTAN
N520JB,TARTAN
N521JB,TARTAN
N523JB,TARTAN
N524JB,TARTAN
N526JL,HIGHRISE
N527JL,HIGHRISE
N529JB,TARTAN
N531JL,N531JL
N534JB,SPOTLIGHT
N535JB,SPOTLIGHT
N536JB,SPOTLIGHT
N537JT,HIGHRISE
N547JB,SPOTLIGHT
N552JB,SPOTLIGHT
N554JB,SPOTLIGHT
N556JB,SPOTLIGHT
N558JB,TARTAN
N559JB,TARTAN
N561JB,TARTAN
N562JB,HIGHRISE
N563JB,SPOTLIGHT
N564JB,HIGHRISE
N565JB,TARTAN
N566JB,TARTAN
N568JB,HIGHRISE
N569JB,HIGHRISE
N570JB,HIGHRISE
N571JB,HIGHRISE
N579JB,HIGHRISE
N580JB,HIGHRISE
N583JB,HIGHRISE
N584JB,HIGHRISE
N585JB,HIGHRISE
N586JB,N586JB
N587JB,HIGHRISE
N588JB,HIGHRISE
N589JB,HIGHRISE
N590JB,SPOTLIGHT
N591JB,HIGHRISE
N592JB,HIGHRISE
N593JB,HIGHRISE
N594JB,SPOTLIGHT
N595JB,N595JB
N597JB,HIGHRISE
N598JB,N598JB
N599JB,HIGHRISE
N603JB,VACATIONS
N605JB,N605JB
N606JB,SPOTLIGHT
N607JB,TARTAN
N608JB,TARTAN
N612JB,SPOTLIGHT
N613JB,SPOTLIGHT
N615JB,N615JB
N618JB,SPOTLIGHT
N621JB,HIGHRISE
N623JB,VACATIONS
N624JB,HIGHRISE
N625JB,SPOTLIGHT
N627JB,SPOTLIGHT
N629JB,SPOTLIGHT
N630JB,SPOTLIGHT
N632JB,N632JB
N633JB,N633JB
N634JB,HIGHRISE
N635JB,SPOTLIGHT
N636JB,SPOTLIGHT
N637JB,SPOTLIGHT
N638JB,SPOTLIGHT
N639JB,HIGHRISE
N640JB,SPOTLIGHT
N641JB,SPOTLIGHT
N643JB,HIGHRISE
N644JB,HIGHRISE
N645JB,SPOTLIGHT
N646JB,HIGHRISE
N648JB,VACATIONS
N649JB,SPOTLIGHT
N651JB,HIGHRISE
N652JB,SPOTLIGHT
N653JB,HIGHRISE
N655JB,HIGHRISE
N656JB,SPOTLIGHT
N657JB,HIGHRISE
N658JB,SPOTLIGHT
N659JB,SPOTLIGHT
N661JB,SPOTLIGHT
N662JB,HIGHRISE
N663JB,SPOTLIGHT
N665JB,SPOTLIGHT
N703JB,SPOTLIGHT
N705JB,SPOTLIGHT
N706JB,N706JB
N708JB,SPOTLIGHT
N709JB,SPOTLIGHT
N712JB,TARTAN
N715JB,SPOTLIGHT
N729JB,SPOTLIGHT
N746JB,N746JB
N760JB,SPOTLIGHT
N763JB,N763JB
N766JB,SPOTLIGHT
N768JB,TARTAN
N775JB,N775JB
N779JB,N779JB
N784JB,HIGHRISE
N789JB,HIGHRISE
N793JB,HIGHRISE
N794JB,SPOTLIGHT
N796JB,HIGHRISE
N804JB,SPOTLIGHT
N805JB,SPOTLIGHT
N806JB,SPOTLIGHT
N807JB,SPOTLIGHT
N809JB,N809JB
N821JB,SPOTLIGHT
N827JB,SPOTLIGHT
N828JB,SPOTLIGHT
N834JB,SPOTLIGHT
N903JB,BALLOONS
N905JB,BALLOONS
N907JB,BALLOONS
N913JB,PRISM
N923JB,PRISM
N929JB,PRISM
N934JB,PRISM
N935JB,PRISM
N937JB,PRISM
N942JB,PRISM
N943JT,PRISM
N944JT,PRISM
N945JT,PRISM
N946JL,PRISM
N947JB,PRISM
N948JB,PRISM
N949JT,BALLOONS
N950JT,BALLOONS
N952JB,BALLOONS
N954JB,BALLOONS
N955JB,BALLOONS
N956JT,BALLOONS
N957JB,BALLOONS
N958JB,PRISM
N959JB,PRISM
N961JT,PRISM
N962JT,PRISM
N964JT,PRISM
N965JT,PRISM
N966JT,PRISM
N967JT,PRISM
N968JT,PRISM
N969JT,PRISM
N970JB,PRISM
N971JT,PRISM
N972JT,PRISM
N973JT,PRISM
N974JT,PRISM
N975JT,PRISM
N976JT,PRISM
N977JE,PRISM
N978JB,PRISM
N979JT,PRISM
N980JT,PRISM
N981JT,PRISM
N982JB,MINT
N983JT,MINT
N984JB,PRISM
N985JT,MINT
N986JB,MINT
N987JT,PRISM
N988JT,PRISM
N989JT,PRISM
N990JL,PRISM
N991JT,PRISM
N992JB,PRISM
N993JE,PRISM
N994JL,PRISM
N995JL,PRISM
N996JL,PRISM
N997JL,PRISM
N998JE,PRISM
N999JQ,PRISM
